BoothNo,PaguthiEnum,Total,Male,Female,Third,to20,to30,to40,to50,to60,Above60,MaleP,FemaleP,ThirdP,to20P,to30P,to40P,to50P,to60P,Above60P,AssemblyNo,OndriumNo,PanchayatNo,PaguthiType
1,TM,709,353,356,0,38,158,150,168,95,100,49.8,50.2,0.0,5.4,22.3,21.2,23.7,13.4,14.1,211,4,7,O
2,TM,555,281,274,0,12,118,115,104,82,124,50.6,49.4,0.0,2.2,21.3,20.7,18.7,14.8,22.3,211,4,7,O
3,TM,994,501,493,0,11,190,253,206,159,175,50.4,49.6,0.0,1.1,19.1,25.5,20.7,16.0,17.6,211,4,28,O
4,TM,915,450,464,0,23,162,193,215,152,170,49.2,50.7,0.0,2.5,17.7,21.1,23.5,16.6,18.6,211,4,10,O
5,TM,1178,588,589,0,38,236,238,306,167,193,49.9,50.0,0.0,3.2,20.0,20.2,26.0,14.2,16.4,211,4,10,O
6,TM,700,338,361,0,11,142,151,143,102,151,48.3,51.6,0.0,1.6,20.3,21.6,20.4,14.6,21.6,211,4,9,O
7,TM,834,402,432,0,14,173,206,180,117,144,48.2,51.8,0.0,1.7,20.7,24.7,21.6,14.0,17.3,211,4,9,O
8,TM,1021,503,518,0,26,208,240,207,128,212,49.3,50.7,0.0,2.5,20.4,23.5,20.3,12.5,20.8,211,4,19,O
9,TM,1443,712,731,0,36,303,327,288,207,282,49.3,50.7,0.0,2.5,21.0,22.7,20.0,14.3,19.5,211,4,19,O
10,TM,1119,581,538,0,19,211,280,228,161,220,51.9,48.1,0.0,1.7,18.9,25.0,20.4,14.4,19.7,211,4,23,O
11,TM,1140,568,571,0,77,251,216,232,167,197,49.8,50.1,0.0,6.8,22.0,18.9,20.4,14.6,17.3,211,4,25,O
12,TM,1198,606,592,0,53,242,242,268,163,230,50.6,49.4,0.0,4.4,20.2,20.2,22.4,13.6,19.2,211,4,31,O
13,TM,989,498,489,0,32,197,265,186,127,182,50.4,49.4,0.0,3.2,19.9,26.8,18.8,12.8,18.4,211,4,30,O
14,TM,448,227,221,0,6,86,84,99,84,89,50.7,49.3,0.0,1.3,19.2,18.8,22.1,18.8,19.9,211,4,30,O
15,TM,817,409,408,0,32,225,158,171,129,102,50.1,49.9,0.0,3.9,27.5,19.3,20.9,15.8,12.5,211,4,20,O
16,TM,1048,522,525,0,30,257,170,233,172,186,49.8,50.1,0.0,2.9,24.5,16.2,22.2,16.4,17.7,211,4,20,O
17,TM,1234,605,628,0,53,313,286,264,162,156,49.0,50.9,0.0,4.3,25.4,23.2,21.4,13.1,12.6,211,4,3,O
18,TM,727,357,370,0,37,189,147,161,91,102,49.1,50.9,0.0,5.1,26.0,20.2,22.1,12.5,14.0,211,4,3,O
19,TM,743,383,360,0,13,137,180,152,129,132,51.5,48.5,0.0,1.7,18.4,24.2,20.5,17.4,17.8,211,4,29,O
20,TM,1027,495,532,0,36,206,277,232,148,128,48.2,51.8,0.0,3.5,20.1,27.0,22.6,14.4,12.5,211,4,3,O
21,TM,990,497,493,0,70,298,221,186,122,93,50.2,49.8,0.0,7.1,30.1,22.3,18.8,12.3,9.4,211,4,3,O
22,TM,859,401,458,0,14,151,171,224,149,150,46.7,53.3,0.0,1.6,17.6,19.9,26.1,17.3,17.5,211,4,3,O
23,TM,546,257,289,0,18,131,138,119,79,61,47.1,52.9,0.0,3.3,24.0,25.3,21.8,14.5,11.2,211,4,3,O
24,TM,713,366,347,0,23,157,184,140,88,121,51.3,48.7,0.0,3.2,22.0,25.8,19.6,12.3,17.0,211,4,4,O
25,TM,901,458,442,0,28,244,229,168,142,90,50.8,49.1,0.0,3.1,27.1,25.4,18.6,15.8,10.0,211,4,4,O
26,TM,458,229,229,0,13,107,120,111,65,42,50.0,50.0,0.0,2.8,23.4,26.2,24.2,14.2,9.2,211,4,4,O
27,TM,1092,530,562,0,24,244,252,243,166,163,48.5,51.5,0.0,2.2,22.3,23.1,22.3,15.2,14.9,211,4,4,O
28,TM,976,477,499,0,37,195,282,210,130,122,48.9,51.1,0.0,3.8,20.0,28.9,21.5,13.3,12.5,211,4,4,O
29,TM,768,367,401,0,48,183,183,166,102,86,47.8,52.2,0.0,6.2,23.8,23.8,21.6,13.3,11.2,211,4,4,O
30,TM,550,269,281,0,13,149,152,111,78,47,48.9,51.1,0.0,2.4,27.1,27.6,20.2,14.2,8.5,211,4,4,O
31,KEE,701,360,341,0,28,166,157,140,107,103,51.4,48.6,0.0,4.0,23.7,22.4,20.0,15.3,14.7,211,9999,21,N
32,KEE,1230,630,600,0,23,264,299,280,185,179,51.2,48.8,0.0,1.9,21.5,24.3,22.8,15.0,14.6,211,9999,21,N
33,KEE,903,450,453,0,21,207,225,220,136,94,49.8,50.2,0.0,2.3,22.9,24.9,24.4,15.1,10.4,211,9999,21,N
34,KEE,982,508,473,0,30,203,229,228,174,118,51.7,48.2,0.0,3.1,20.7,23.3,23.2,17.7,12.0,211,9999,21,N
35,KEE,594,281,313,0,17,113,158,137,91,78,47.3,52.7,0.0,2.9,19.0,26.6,23.1,15.3,13.1,211,9999,21,N
36,KEE,1070,521,549,0,26,243,226,226,175,174,48.7,51.3,0.0,2.4,22.7,21.1,21.1,16.4,16.3,211,9999,21,N
37,KEE,943,478,465,0,17,165,246,206,146,163,50.7,49.3,0.0,1.8,17.5,26.1,21.8,15.5,17.3,211,9999,21,N
38,KEE,845,397,448,0,27,188,168,198,133,131,47.0,53.0,0.0,3.2,22.2,19.9,23.4,15.7,15.5,211,9999,21,N
39,KEE,1367,684,681,0,60,285,330,289,201,202,50.0,49.8,0.0,4.4,20.8,24.1,21.1,14.7,14.8,211,9999,21,N
40,KEE,854,420,434,0,18,168,188,206,144,130,49.2,50.8,0.0,2.1,19.7,22.0,24.1,16.9,15.2,211,9999,21,N
41,KEE,799,408,391,0,15,141,182,213,116,132,51.1,48.9,0.0,1.9,17.6,22.8,26.7,14.5,16.5,211,9999,21,N
42,KEE,813,381,432,0,1,107,181,203,164,157,46.9,53.1,0.0,0.1,13.2,22.3,25.0,20.2,19.3,211,9999,21,N
43,KEE,479,252,227,0,15,85,94,108,87,90,52.6,47.4,0.0,3.1,17.7,19.6,22.5,18.2,18.8,211,9999,21,N
44,KEE,984,462,522,0,28,257,187,187,177,148,47.0,53.0,0.0,2.8,26.1,19.0,19.0,18.0,15.0,211,9999,21,N
45,KEE,1225,630,595,0,28,236,272,317,188,184,51.4,48.6,0.0,2.3,19.3,22.2,25.9,15.3,15.0,211,9999,21,N
46,KEE,930,468,462,0,15,175,216,234,150,140,50.3,49.7,0.0,1.6,18.8,23.2,25.2,16.1,15.1,211,9999,21,N
47,KEE,919,451,468,0,21,170,206,231,137,154,49.1,50.9,0.0,2.3,18.5,22.4,25.1,14.9,16.8,211,9999,21,N
48,KEE,837,382,454,0,13,183,166,201,149,125,45.6,54.2,0.0,1.6,21.9,19.8,24.0,17.8,14.9,211,9999,21,N
49,KEE,644,308,336,0,28,130,139,147,126,74,47.8,52.2,0.0,4.3,20.2,21.6,22.8,19.6,11.5,211,9999,21,N
50,KEE,996,504,492,0,26,217,236,246,126,145,50.6,49.4,0.0,2.6,21.8,23.7,24.7,12.7,14.6,211,9999,21,N
51,KEE,1352,671,681,0,25,301,319,340,200,167,49.6,50.4,0.0,1.8,22.3,23.6,25.1,14.8,12.4,211,9999,21,N
52,KEE,852,385,467,0,27,245,209,160,130,81,45.2,54.8,0.0,3.2,28.8,24.5,18.8,15.3,9.5,211,9999,21,N
53,KEE,802,401,401,0,17,167,191,199,129,99,50.0,50.0,0.0,2.1,20.8,23.8,24.8,16.1,12.3,211,9999,21,N
54,KEE,764,371,393,0,18,134,194,146,149,123,48.6,51.4,0.0,2.4,17.5,25.4,19.1,19.5,16.1,211,9999,21,N
55,KEE,1365,721,642,0,41,309,298,335,204,178,52.8,47.0,0.0,3.0,22.6,21.8,24.5,14.9,13.0,211,9999,21,N
56,KEE,784,382,402,0,16,125,224,193,114,112,48.7,51.3,0.0,2.0,15.9,28.6,24.6,14.5,14.3,211,9999,21,N
57,KEE,1172,574,596,0,24,229,304,272,202,141,49.0,50.9,0.0,2.0,19.5,25.9,23.2,17.2,12.0,211,9999,21,N
58,KEE,378,189,188,0,2,67,92,86,75,56,50.0,49.7,0.0,0.5,17.7,24.3,22.8,19.8,14.8,211,9999,21,N
59,KEE,964,514,450,0,25,173,225,247,149,145,53.3,46.7,0.0,2.6,17.9,23.3,25.6,15.5,15.0,211,9999,21,N
60,KEE,537,263,274,0,2,60,122,153,97,103,49.0,51.0,0.0,0.4,11.2,22.7,28.5,18.1,19.2,211,9999,21,N
61,KEE,909,440,469,0,28,154,207,195,163,162,48.4,51.6,0.0,3.1,16.9,22.8,21.5,17.9,17.8,211,9999,21,N
62,KEE,1415,736,678,0,57,312,292,297,239,218,52.0,47.9,0.0,4.0,22.0,20.6,21.0,16.9,15.4,211,9999,21,N
63,KEE,1452,683,768,0,69,385,333,329,191,145,47.0,52.9,0.0,4.8,26.5,22.9,22.7,13.2,10.0,211,9999,21,N
64,KEE,863,412,451,0,13,132,244,217,139,118,47.7,52.3,0.0,1.5,15.3,28.3,25.1,16.1,13.7,211,9999,21,N
65,TK,1115,563,551,0,14,240,282,256,171,152,50.5,49.4,0.0,1.3,21.5,25.3,23.0,15.3,13.6,211,4,2,O
66,TK,899,436,463,0,18,167,204,214,132,164,48.5,51.5,0.0,2.0,18.6,22.7,23.8,14.7,18.2,211,4,2,O
67,TK,1139,565,574,0,31,195,300,283,155,175,49.6,50.4,0.0,2.7,17.1,26.3,24.8,13.6,15.4,211,4,2,O
68,TK,887,451,436,0,42,214,247,187,114,83,50.8,49.2,0.0,4.7,24.1,27.8,21.1,12.9,9.4,211,4,2,O
69,TK,998,509,489,0,33,229,277,215,127,117,51.0,49.0,0.0,3.3,22.9,27.8,21.5,12.7,11.7,211,4,2,O
70,TK,656,323,333,0,32,138,163,158,93,72,49.2,50.8,0.0,4.9,21.0,24.8,24.1,14.2,11.0,211,4,2,O
71,TK,1198,580,617,0,29,296,334,271,178,90,48.4,51.5,0.0,2.4,24.7,27.9,22.6,14.9,7.5,211,4,2,O
72,TK,1070,478,592,0,64,252,279,205,123,147,44.7,55.3,0.0,6.0,23.6,26.1,19.2,11.5,13.7,211,4,15,O
73,TK,739,371,368,0,7,160,191,164,115,102,50.2,49.8,0.0,0.9,21.7,25.8,22.2,15.6,13.8,211,4,15,O
74,TK,797,390,407,0,19,161,196,167,107,147,48.9,51.1,0.0,2.4,20.2,24.6,21.0,13.4,18.4,211,4,13,O
75,TK,1137,575,562,0,54,300,262,246,154,121,50.6,49.4,0.0,4.7,26.4,23.0,21.6,13.5,10.6,211,4,13,O
76,TK,920,467,453,0,18,235,211,189,147,120,50.8,49.2,0.0,2.0,25.5,22.9,20.5,16.0,13.0,211,4,16,O
77,TK,918,417,501,0,20,221,211,216,140,110,45.4,54.6,0.0,2.2,24.1,23.0,23.5,15.3,12.0,211,4,16,O
78,TK,306,148,157,0,6,63,64,66,53,54,48.4,51.3,0.0,2.0,20.6,20.9,21.6,17.3,17.6,211,4,33,O
79,TM,1295,622,673,0,69,384,321,257,162,102,48.0,52.0,0.0,5.3,29.7,24.8,19.8,12.5,7.9,211,2,6,O
80,TM,1235,620,615,0,44,291,294,317,170,119,50.2,49.8,0.0,3.6,23.6,23.8,25.7,13.8,9.6,211,2,6,O
81,TM,899,452,447,0,33,179,225,224,121,117,50.3,49.7,0.0,3.7,19.9,25.0,24.9,13.5,13.0,211,2,6,O
82,TM,1037,523,513,0,17,247,275,181,145,172,50.4,49.5,0.0,1.6,23.8,26.5,17.5,14.0,16.6,211,2,6,O
83,RMD,1129,556,573,0,28,231,245,251,202,172,49.2,50.8,0.0,2.5,20.5,21.7,22.2,17.9,15.2,211,851,33,N
84,RMD,551,255,296,0,16,111,93,127,94,110,46.3,53.7,0.0,2.9,20.1,16.9,23.0,17.1,20.0,211,851,33,N
85,RMD,766,375,391,0,24,160,150,164,124,144,49.0,51.0,0.0,3.1,20.9,19.6,21.4,16.2,18.8,211,851,33,N
86,RMD,1349,671,677,0,35,242,249,350,240,233,49.7,50.2,0.0,2.6,17.9,18.5,25.9,17.8,17.3,211,851,33,N
87,RMD,691,342,348,1,17,144,144,164,116,106,49.5,50.4,0.1,2.5,20.8,20.8,23.7,16.8,15.3,211,851,33,N
88,RMD,1236,611,624,0,28,213,257,306,206,226,49.4,50.5,0.0,2.3,17.2,20.8,24.8,16.7,18.3,211,851,33,N
89,RMD,987,475,512,0,19,140,197,271,201,159,48.1,51.9,0.0,1.9,14.2,20.0,27.5,20.4,16.1,211,851,33,N
90,RMD,1305,630,674,0,48,282,329,329,159,158,48.3,51.6,0.0,3.7,21.6,25.2,25.2,12.2,12.1,211,851,33,N
91,RMD,750,355,395,0,13,120,168,218,138,93,47.3,52.7,0.0,1.7,16.0,22.4,29.1,18.4,12.4,211,851,33,N
92,RMD,1219,631,588,0,24,217,304,296,208,170,51.8,48.2,0.0,2.0,17.8,24.9,24.3,17.1,13.9,211,851,33,N
93,RMD,1188,612,575,0,42,281,306,244,168,147,51.5,48.4,0.0,3.5,23.7,25.8,20.5,14.1,12.4,211,851,33,N
94,RMD,1130,546,584,0,47,246,264,275,167,131,48.3,51.7,0.0,4.2,21.8,23.4,24.3,14.8,11.6,211,851,33,N
95,RMD,988,478,510,0,39,242,235,182,153,137,48.4,51.6,0.0,3.9,24.5,23.8,18.4,15.5,13.9,211,851,33,N
96,RMD,718,346,371,0,16,138,188,177,108,91,48.2,51.7,0.0,2.2,19.2,26.2,24.7,15.0,12.7,211,851,33,N
97,RMD,1305,634,671,0,45,232,260,290,251,227,48.6,51.4,0.0,3.4,17.8,19.9,22.2,19.2,17.4,211,851,33,N
98,RMD,994,456,538,0,15,235,231,231,163,119,45.9,54.1,0.0,1.5,23.6,23.2,23.2,16.4,12.0,211,851,33,N
99,RMD,457,232,225,0,10,127,95,105,65,55,50.8,49.2,0.0,2.2,27.8,20.8,23.0,14.2,12.0,211,851,33,N
100,RMD,842,397,445,0,20,164,183,214,134,127,47.1,52.9,0.0,2.4,19.5,21.7,25.4,15.9,15.1,211,851,33,N
101,RMD,706,356,350,0,18,180,140,166,92,110,50.4,49.6,0.0,2.5,25.5,19.8,23.5,13.0,15.6,211,851,33,N
102,RMD,758,385,373,0,8,164,198,189,118,81,50.8,49.2,0.0,1.1,21.6,26.1,24.9,15.6,10.7,211,851,33,N
103,RMD,967,486,479,1,27,140,218,230,176,176,50.3,49.5,0.1,2.8,14.5,22.5,23.8,18.2,18.2,211,851,33,N
104,RMD,949,483,465,0,31,284,255,200,107,72,50.9,49.0,0.0,3.3,29.9,26.9,21.1,11.3,7.6,211,851,33,N
105,RMD,967,451,516,0,18,199,226,243,168,113,46.6,53.4,0.0,1.9,20.6,23.4,25.1,17.4,11.7,211,851,33,N
106,RMD,1306,672,634,0,45,259,236,294,250,222,51.5,48.5,0.0,3.4,19.8,18.1,22.5,19.1,17.0,211,851,33,N
107,RMD,485,247,237,0,20,108,106,103,84,64,50.9,48.9,0.0,4.1,22.3,21.9,21.2,17.3,13.2,211,851,33,N
108,RMD,1123,569,553,0,36,184,226,245,194,238,50.7,49.2,0.0,3.2,16.4,20.1,21.8,17.3,21.2,211,851,33,N
109,RMD,1078,519,557,1,28,209,250,252,163,176,48.1,51.7,0.1,2.6,19.4,23.2,23.4,15.1,16.3,211,851,33,N
110,RMD,828,415,412,0,27,164,195,217,115,110,50.1,49.8,0.0,3.3,19.8,23.6,26.2,13.9,13.3,211,851,33,N
111,RMD,921,461,459,0,30,218,191,233,144,105,50.1,49.8,0.0,3.3,23.7,20.7,25.3,15.6,11.4,211,851,33,N
112,RMD,563,286,276,0,13,109,176,116,92,57,50.8,49.0,0.0,2.3,19.4,31.3,20.6,16.3,10.1,211,851,33,N
113,RMD,1422,698,722,0,56,307,353,331,229,146,49.1,50.8,0.0,3.9,21.6,24.8,23.3,16.1,10.3,211,851,33,N
114,RMD,755,368,385,0,34,179,188,162,97,95,48.7,51.0,0.0,4.5,23.7,24.9,21.5,12.8,12.6,211,851,33,N
115,RMD,1395,670,725,0,38,267,313,308,258,211,48.0,52.0,0.0,2.7,19.1,22.4,22.1,18.5,15.1,211,851,33,N
116,RMD,983,476,506,0,36,214,214,232,152,135,48.4,51.5,0.0,3.7,21.8,21.8,23.6,15.5,13.7,211,851,33,N
117,RMD,1241,590,649,0,54,272,333,256,179,147,47.5,52.3,0.0,4.4,21.9,26.8,20.6,14.4,11.8,211,851,33,N
118,RMD,967,457,510,0,25,212,258,256,116,100,47.3,52.7,0.0,2.6,21.9,26.7,26.5,12.0,10.3,211,851,33,N
119,RMD,1081,505,576,0,35,263,269,259,160,95,46.7,53.3,0.0,3.2,24.3,24.9,24.0,14.8,8.8,211,851,33,N
120,RMD,796,396,400,0,9,113,171,206,146,151,49.7,50.3,0.0,1.1,14.2,21.5,25.9,18.3,19.0,211,851,33,N
121,RMD,1059,512,547,0,11,201,305,266,162,114,48.3,51.7,0.0,1.0,19.0,28.8,25.1,15.3,10.8,211,851,33,N
122,RMD,1358,694,663,1,28,225,337,360,219,189,51.1,48.8,0.1,2.1,16.6,24.8,26.5,16.1,13.9,211,851,33,N
123,RMD,742,354,388,0,25,142,146,192,133,104,47.7,52.3,0.0,3.4,19.1,19.7,25.9,17.9,14.0,211,851,33,N
124,RMD,816,390,426,0,18,219,228,169,93,89,47.8,52.2,0.0,2.2,26.8,27.9,20.7,11.4,10.9,211,851,33,N
125,RMD,944,458,485,0,26,243,184,271,120,100,48.5,51.4,0.0,2.8,25.7,19.5,28.7,12.7,10.6,211,851,33,N
126,RMD,852,413,439,0,21,197,212,213,140,69,48.5,51.5,0.0,2.5,23.1,24.9,25.0,16.4,8.1,211,851,33,N
127,RMD,1082,516,566,0,30,239,250,236,177,150,47.7,52.3,0.0,2.8,22.1,23.1,21.8,16.4,13.9,211,851,33,N
128,RMD,531,253,278,0,19,105,106,132,96,73,47.6,52.4,0.0,3.6,19.8,20.0,24.9,18.1,13.7,211,851,33,N
129,RMD,574,311,263,0,6,86,124,136,116,106,54.2,45.8,0.0,1.0,15.0,21.6,23.7,20.2,18.5,211,851,33,N
130,RMD,648,319,329,0,14,124,136,147,124,103,49.2,50.8,0.0,2.2,19.1,21.0,22.7,19.1,15.9,211,851,33,N
131,RMD,1100,525,575,0,20,202,251,264,208,155,47.7,52.3,0.0,1.8,18.4,22.8,24.0,18.9,14.1,211,851,33,N
132,RMD,896,432,463,1,17,133,231,163,163,189,48.2,51.7,0.1,1.9,14.8,25.8,18.2,18.2,21.1,211,851,33,N
133,RMD,1215,555,660,0,25,201,266,269,224,230,45.7,54.3,0.0,2.1,16.5,21.9,22.1,18.4,18.9,211,851,33,N
134,RMD,804,387,417,0,17,91,200,213,130,153,48.1,51.9,0.0,2.1,11.3,24.9,26.5,16.2,19.0,211,851,33,N
135,RMD,1040,499,541,0,24,197,273,240,151,155,48.0,52.0,0.0,2.3,18.9,26.2,23.1,14.5,14.9,211,851,33,N
136,RMD,930,439,491,0,8,134,208,205,179,196,47.2,52.8,0.0,0.9,14.4,22.4,22.0,19.2,21.1,211,851,33,N
137,RMD,1081,526,555,0,21,220,246,270,165,159,48.7,51.3,0.0,1.9,20.4,22.8,25.0,15.3,14.7,211,851,33,N
138,RMD,1020,519,501,0,32,176,263,227,162,160,50.9,49.1,0.0,3.1,17.3,25.8,22.3,15.9,15.7,211,851,33,N
139,RMD,793,399,393,0,26,163,187,179,137,101,50.3,49.6,0.0,3.3,20.6,23.6,22.6,17.3,12.7,211,851,33,N
140,RMD,784,376,408,0,18,150,190,212,123,91,48.0,52.0,0.0,2.3,19.1,24.2,27.0,15.7,11.6,211,851,33,N
141,RMD,1370,657,711,1,27,244,373,277,237,212,48.0,51.9,0.1,2.0,17.8,27.2,20.2,17.3,15.5,211,851,33,N
142,TK,850,430,420,0,22,153,196,209,129,141,50.6,49.4,0.0,2.6,18.0,23.1,24.6,15.2,16.6,211,4,24,O
143,TK,880,420,460,0,11,199,226,179,114,151,47.7,52.3,0.0,1.2,22.6,25.7,20.3,13.0,17.2,211,4,24,O
144,TK,916,472,444,0,25,240,251,166,144,90,51.5,48.5,0.0,2.7,26.2,27.4,18.1,15.7,9.8,211,4,12,O
145,TK,929,454,475,0,43,212,200,201,145,128,48.9,51.1,0.0,4.6,22.8,21.5,21.6,15.6,13.8,211,4,12,O
146,TK,788,385,403,0,31,217,170,147,117,106,48.9,51.1,0.0,3.9,27.5,21.6,18.7,14.8,13.5,211,4,21,O
147,TK,615,309,306,0,18,113,140,139,103,102,50.2,49.8,0.0,2.9,18.4,22.8,22.6,16.7,16.6,211,4,21,O
148,TK,1023,524,499,0,18,228,201,209,164,203,51.2,48.8,0.0,1.8,22.3,19.6,20.4,16.0,19.8,211,4,32,O
149,TK,645,319,326,0,24,139,157,111,135,79,49.5,50.5,0.0,3.7,21.6,24.3,17.2,20.9,12.2,211,4,6,O
150,TK,682,306,376,0,25,144,131,169,97,116,44.9,55.1,0.0,3.7,21.1,19.2,24.8,14.2,17.0,211,4,6,O
151,TK,818,407,411,0,22,208,224,167,99,98,49.8,50.2,0.0,2.7,25.4,27.4,20.4,12.1,12.0,211,4,6,O
152,TK,912,467,445,0,37,184,206,189,166,130,51.2,48.8,0.0,4.1,20.2,22.6,20.7,18.2,14.3,211,4,6,O
153,TK,970,476,494,0,28,224,243,217,140,118,49.1,50.9,0.0,2.9,23.1,25.1,22.4,14.4,12.2,211,4,6,O
154,TK,628,305,322,0,30,148,150,131,89,80,48.6,51.3,0.0,4.8,23.6,23.9,20.9,14.2,12.7,211,4,8,O
155,TK,905,468,437,0,7,216,224,222,124,112,51.7,48.3,0.0,0.8,23.9,24.8,24.5,13.7,12.4,211,4,8,O
156,TK,1026,516,510,0,22,236,236,221,170,141,50.3,49.7,0.0,2.1,23.0,23.0,21.5,16.6,13.7,211,4,8,O
157,TK,660,347,313,0,9,135,199,135,100,82,52.6,47.4,0.0,1.4,20.5,30.2,20.5,15.2,12.4,211,4,8,O
158,TK,1054,493,561,0,33,202,227,242,171,179,46.8,53.2,0.0,3.1,19.2,21.5,23.0,16.2,17.0,211,4,14,O
159,TK,792,397,395,0,29,222,199,170,79,93,50.1,49.9,0.0,3.7,28.0,25.1,21.5,10.0,11.7,211,4,14,O
160,TK,1128,541,587,0,48,213,245,231,190,201,48.0,52.0,0.0,4.3,18.9,21.7,20.5,16.8,17.8,211,4,30,O
161,TK,770,387,383,0,20,150,152,165,124,159,50.3,49.7,0.0,2.6,19.5,19.7,21.4,16.1,20.6,211,4,17,O
162,TK,848,427,421,0,18,196,194,169,144,127,50.4,49.6,0.0,2.1,23.1,22.9,19.9,17.0,15.0,211,4,17,O
163,TK,739,369,370,0,6,149,177,174,114,119,49.9,50.1,0.0,0.8,20.2,24.0,23.5,15.4,16.1,211,4,5,O
164,TK,625,300,325,0,5,124,148,145,109,94,48.0,52.0,0.0,0.8,19.8,23.7,23.2,17.4,15.0,211,4,5,O
165,TK,593,291,301,0,15,133,128,132,90,95,49.1,50.8,0.0,2.5,22.4,21.6,22.3,15.2,16.0,211,4,5,O
166,TK,934,470,464,0,15,154,232,203,154,176,50.3,49.7,0.0,1.6,16.5,24.8,21.7,16.5,18.8,211,4,5,O
167,TK,811,394,417,0,16,163,225,175,118,114,48.6,51.4,0.0,2.0,20.1,27.7,21.6,14.5,14.1,211,4,5,O
168,TK,685,364,321,0,15,155,157,156,99,103,53.1,46.9,0.0,2.2,22.6,22.9,22.8,14.5,15.0,211,4,5,O
169,TK,665,307,358,0,26,144,144,158,103,90,46.2,53.8,0.0,3.9,21.7,21.7,23.8,15.5,13.5,211,4,18,O
170,TK,1102,539,562,0,28,197,260,264,178,175,48.9,51.0,0.0,2.5,17.9,23.6,24.0,16.2,15.9,211,4,18,O
171,TK,1148,574,574,0,45,286,265,262,178,112,50.0,50.0,0.0,3.9,24.9,23.1,22.8,15.5,9.8,211,4,1,O
172,TK,802,420,379,0,38,223,202,140,124,75,52.4,47.3,0.0,4.7,27.8,25.2,17.5,15.5,9.4,211,4,1,O
173,TK,1253,643,610,0,49,311,342,251,186,114,51.3,48.7,0.0,3.9,24.8,27.3,20.0,14.8,9.1,211,4,1,O
174,TK,850,433,417,0,47,190,214,196,108,95,50.9,49.1,0.0,5.5,22.4,25.2,23.1,12.7,11.2,211,4,1,O
175,TK,1015,495,520,0,40,202,252,265,130,126,48.8,51.2,0.0,3.9,19.9,24.8,26.1,12.8,12.4,211,4,1,O
176,TK,1105,543,562,0,36,218,310,244,154,143,49.1,50.9,0.0,3.3,19.7,28.1,22.1,13.9,12.9,211,4,1,O
177,TK,746,383,362,0,14,151,225,168,106,82,51.3,48.5,0.0,1.9,20.2,30.2,22.5,14.2,11.0,211,4,1,O
178,TK,745,376,369,0,25,206,212,151,89,62,50.5,49.5,0.0,3.4,27.7,28.5,20.3,11.9,8.3,211,4,1,O
179,MM,956,458,498,0,26,207,233,191,161,138,47.9,52.1,0.0,2.7,21.7,24.4,20.0,16.8,14.4,211,1,10,O
180,MM,469,213,255,0,19,97,78,115,86,74,45.4,54.4,0.0,4.1,20.7,16.6,24.5,18.3,15.8,211,1,10,O
181,MM,1046,458,588,0,24,196,267,234,185,140,43.8,56.2,0.0,2.3,18.7,25.5,22.4,17.7,13.4,211,1,10,O
182,MM,1151,544,607,0,37,257,298,239,167,153,47.3,52.7,0.0,3.2,22.3,25.9,20.8,14.5,13.3,211,1,9,O
183,MM,705,333,372,0,17,148,147,150,138,105,47.2,52.8,0.0,2.4,21.0,20.9,21.3,19.6,14.9,211,1,3,O
184,MM,1085,520,564,0,44,281,288,215,163,94,47.9,52.0,0.0,4.1,25.9,26.5,19.8,15.0,8.7,211,1,3,O
185,MM,730,363,367,0,29,156,168,167,136,74,49.7,50.3,0.0,4.0,21.4,23.0,22.9,18.6,10.1,211,1,3,O
186,MM,766,405,361,0,26,208,177,163,109,83,52.9,47.1,0.0,3.4,27.2,23.1,21.3,14.2,10.8,211,1,3,O
187,MM,1032,495,536,0,31,216,212,220,188,165,48.0,51.9,0.0,3.0,20.9,20.5,21.3,18.2,16.0,211,1,3,O
188,MM,911,446,465,0,42,201,229,226,129,84,49.0,51.0,0.0,4.6,22.1,25.1,24.8,14.2,9.2,211,1,3,O
189,MM,852,421,431,0,32,180,200,200,114,126,49.4,50.6,0.0,3.8,21.1,23.5,23.5,13.4,14.8,211,1,3,O
190,MM,811,396,415,0,21,184,211,145,136,114,48.8,51.2,0.0,2.6,22.7,26.0,17.9,16.8,14.1,211,1,11,O
191,MM,463,213,250,0,13,61,116,106,81,86,46.0,54.0,0.0,2.8,13.2,25.1,22.9,17.5,18.6,211,1,11,O
192,MM,911,452,459,0,30,217,233,197,142,92,49.6,50.4,0.0,3.3,23.8,25.6,21.6,15.6,10.1,211,1,11,O
193,MM,438,227,211,0,9,89,85,118,66,71,51.8,48.2,0.0,2.1,20.3,19.4,26.9,15.1,16.2,211,1,11,O
194,MM,899,426,473,0,28,218,228,192,138,95,47.4,52.6,0.0,3.1,24.2,25.4,21.4,15.4,10.6,211,1,22,O
195,MM,557,289,268,0,23,130,150,133,70,51,51.9,48.1,0.0,4.1,23.3,26.9,23.9,12.6,9.2,211,1,22,O
196,MM,942,476,465,0,31,229,196,174,157,155,50.5,49.4,0.0,3.3,24.3,20.8,18.5,16.7,16.5,211,1,19,O
197,MM,715,357,358,0,27,144,154,112,134,144,49.9,50.1,0.0,3.8,20.1,21.5,15.7,18.7,20.1,211,1,19,O
198,MM,932,467,465,0,47,214,218,206,146,101,50.1,49.9,0.0,5.0,23.0,23.4,22.1,15.7,10.8,211,1,12,O
199,MM,824,420,404,0,56,162,188,181,121,116,51.0,49.0,0.0,6.8,19.7,22.8,22.0,14.7,14.1,211,1,12,O
200,MM,839,397,441,0,34,148,191,184,151,131,47.3,52.6,0.0,4.1,17.6,22.8,21.9,18.0,15.6,211,1,12,O
201,MM,412,203,209,0,17,71,84,105,76,59,49.3,50.7,0.0,4.1,17.2,20.4,25.5,18.4,14.3,211,1,12,O
202,MM,789,391,398,0,42,157,178,145,128,139,49.6,50.4,0.0,5.3,19.9,22.6,18.4,16.2,17.6,211,1,26,O
203,MM,905,451,452,0,16,190,182,191,148,178,49.8,49.9,0.0,1.8,21.0,20.1,21.1,16.4,19.7,211,1,21,O
204,MM,1048,508,540,0,36,234,222,221,166,169,48.5,51.5,0.0,3.4,22.3,21.2,21.1,15.8,16.1,211,1,21,O
205,MM,1136,558,578,0,50,267,262,250,146,161,49.1,50.9,0.0,4.4,23.5,23.1,22.0,12.9,14.2,211,1,17,O
206,MM,438,212,226,0,28,119,86,93,68,44,48.4,51.6,0.0,6.4,27.2,19.6,21.2,15.5,10.0,211,1,17,O
207,MM,727,359,368,0,31,194,139,145,124,94,49.4,50.6,0.0,4.3,26.7,19.1,19.9,17.1,12.9,211,1,17,O
208,MM,871,428,443,0,33,204,168,172,149,145,49.1,50.9,0.0,3.8,23.4,19.3,19.7,17.1,16.6,211,1,25,O
209,MM,910,430,480,0,27,175,256,205,120,127,47.3,52.7,0.0,3.0,19.2,28.1,22.5,13.2,14.0,211,1,13,O
210,MM,606,318,288,0,26,126,138,128,120,68,52.5,47.5,0.0,4.3,20.8,22.8,21.1,19.8,11.2,211,1,13,O
211,MM,902,453,449,0,11,220,222,190,144,115,50.2,49.8,0.0,1.2,24.4,24.6,21.1,16.0,12.7,211,1,13,O
212,MM,587,298,289,0,11,177,146,121,78,54,50.8,49.2,0.0,1.9,30.2,24.9,20.6,13.3,9.2,211,1,15,O
213,MM,716,363,353,0,19,137,165,200,127,68,50.7,49.3,0.0,2.7,19.1,23.0,27.9,17.7,9.5,211,1,15,O
214,MM,862,440,422,0,39,217,207,207,100,92,51.0,49.0,0.0,4.5,25.2,24.0,24.0,11.6,10.7,211,1,15,O
215,MM,816,414,402,0,18,178,203,179,128,110,50.7,49.3,0.0,2.2,21.8,24.9,21.9,15.7,13.5,211,1,15,O
216,MM,746,385,361,0,43,172,180,152,107,92,51.6,48.4,0.0,5.8,23.1,24.1,20.4,14.3,12.3,211,1,7,O
217,MM,1210,603,607,0,59,283,245,275,200,148,49.8,50.2,0.0,4.9,23.4,20.2,22.7,16.5,12.2,211,1,7,O
218,MM,1154,570,584,0,30,251,264,268,181,160,49.4,50.6,0.0,2.6,21.8,22.9,23.2,15.7,13.9,211,1,7,O
219,MM,535,261,274,0,14,126,105,122,81,87,48.8,51.2,0.0,2.6,23.6,19.6,22.8,15.1,16.3,211,1,7,O
220,MM,719,360,359,0,29,165,167,157,105,96,50.1,49.9,0.0,4.0,22.9,23.2,21.8,14.6,13.4,211,1,7,O
221,MM,1215,612,603,0,55,319,257,270,158,156,50.4,49.6,0.0,4.5,26.3,21.2,22.2,13.0,12.8,211,1,7,O
222,MM,805,399,406,0,30,186,175,186,136,92,49.6,50.4,0.0,3.7,23.1,21.7,23.1,16.9,11.4,211,1,5,O
223,MM,600,300,299,1,17,126,142,115,104,96,50.0,49.8,0.2,2.8,21.0,23.7,19.2,17.3,16.0,211,1,5,O
224,MM,817,418,398,0,28,237,231,162,87,72,51.2,48.7,0.0,3.4,29.0,28.3,19.8,10.6,8.8,211,1,5,O
225,MM,775,383,390,0,35,173,170,168,131,98,49.4,50.3,0.0,4.5,22.3,21.9,21.7,16.9,12.6,211,1,5,O
226,MM,1167,630,537,0,33,294,317,196,144,183,54.0,46.0,0.0,2.8,25.2,27.2,16.8,12.3,15.7,211,1,5,O
227,MM,880,435,445,0,17,168,233,191,142,129,49.4,50.6,0.0,1.9,19.1,26.5,21.7,16.1,14.7,211,1,5,O
228,MM,953,507,446,0,42,187,218,239,138,129,53.2,46.8,0.0,4.4,19.6,22.9,25.1,14.5,13.5,211,1,5,O
229,MM,750,388,362,0,20,183,229,131,99,88,51.7,48.3,0.0,2.7,24.4,30.5,17.5,13.2,11.7,211,1,5,O
230,MM,1279,634,645,0,48,315,341,257,178,140,49.6,50.4,0.0,3.8,24.6,26.7,20.1,13.9,10.9,211,1,5,O
231,MM,488,248,240,0,16,126,128,82,80,56,50.8,49.2,0.0,3.3,25.8,26.2,16.8,16.4,11.5,211,1,14,O
232,MM,789,361,428,0,28,163,204,168,110,116,45.8,54.2,0.0,3.5,20.7,25.9,21.3,13.9,14.7,211,1,14,O
233,MM,1086,509,577,0,37,217,271,220,182,159,46.9,53.1,0.0,3.4,20.0,25.0,20.3,16.8,14.6,211,1,14,O
234,MM,1123,563,560,0,31,256,268,240,177,151,50.1,49.9,0.0,2.8,22.8,23.9,21.4,15.8,13.4,211,1,14,O
235,MM,1079,553,526,0,44,226,253,245,164,147,51.3,48.7,0.0,4.1,20.9,23.4,22.7,15.2,13.6,211,1,23,O
236,MM,792,405,385,1,34,154,206,150,129,119,51.1,48.6,0.1,4.3,19.4,26.0,18.9,16.3,15.0,211,1,20,O
237,MM,733,368,365,0,40,152,167,156,118,100,50.2,49.8,0.0,5.5,20.7,22.8,21.3,16.1,13.6,211,1,20,O
238,MK,809,402,407,0,47,183,163,179,128,109,49.7,50.3,0.0,5.8,22.6,20.1,22.1,15.8,13.5,211,1,27,O
239,MK,1165,570,595,0,60,276,287,230,171,141,48.9,51.1,0.0,5.2,23.7,24.6,19.7,14.7,12.1,211,1,18,O
240,MK,1019,514,505,0,51,232,274,182,154,126,50.4,49.6,0.0,5.0,22.8,26.9,17.9,15.1,12.4,211,1,18,O
241,MK,536,268,267,0,9,139,119,107,92,70,50.0,49.8,0.0,1.7,25.9,22.2,20.0,17.2,13.1,211,1,8,O
242,MK,1139,549,590,0,26,288,287,215,193,130,48.2,51.8,0.0,2.3,25.3,25.2,18.9,16.9,11.4,211,1,8,O
243,MK,888,437,450,0,40,212,225,202,108,101,49.2,50.7,0.0,4.5,23.9,25.3,22.7,12.2,11.4,211,1,8,O
244,MK,858,445,413,0,15,108,234,249,132,120,51.9,48.1,0.0,1.7,12.6,27.3,29.0,15.4,14.0,211,1,8,O
245,MK,570,285,285,0,30,222,192,66,44,16,50.0,50.0,0.0,5.3,38.9,33.7,11.6,7.7,2.8,211,1,8,O
246,MK,845,414,431,0,20,205,214,172,141,93,49.0,51.0,0.0,2.4,24.3,25.3,20.4,16.7,11.0,211,1,8,O
247,MK,706,363,343,0,24,183,208,132,107,52,51.4,48.6,0.0,3.4,25.9,29.5,18.7,15.2,7.4,211,1,8,O
248,MK,1032,526,506,0,23,227,245,239,155,143,51.0,49.0,0.0,2.2,22.0,23.7,23.2,15.0,13.9,211,1,24,O
249,MANP,1322,644,678,0,43,277,359,263,200,180,48.7,51.3,0.0,3.3,21.0,27.2,19.9,15.1,13.6,211,396,18,P
250,MANP,1033,497,535,0,26,203,286,223,157,138,48.1,51.8,0.0,2.5,19.7,27.7,21.6,15.2,13.4,211,396,18,P
251,MANP,740,365,373,1,31,150,195,146,129,89,49.3,50.4,0.1,4.2,20.3,26.4,19.7,17.4,12.0,211,396,18,P
252,MANP,1207,592,615,0,25,282,315,249,182,154,49.0,51.0,0.0,2.1,23.4,26.1,20.6,15.1,12.8,211,396,18,P
253,MANP,1249,644,605,0,15,339,328,264,171,132,51.6,48.4,0.0,1.2,27.1,26.3,21.1,13.7,10.6,211,396,18,P
254,MANP,1305,684,616,0,36,325,343,302,169,130,52.4,47.2,0.0,2.8,24.9,26.3,23.1,13.0,10.0,211,396,18,P
255,MANP,976,495,474,0,34,224,251,222,130,115,50.7,48.6,0.0,3.5,23.0,25.7,22.7,13.3,11.8,211,396,18,P
256,MANP,833,402,431,0,28,206,250,168,111,70,48.3,51.7,0.0,3.4,24.7,30.0,20.2,13.3,8.4,211,396,18,P
257,MANP,1080,549,531,0,38,247,262,258,164,111,50.8,49.2,0.0,3.5,22.9,24.3,23.9,15.2,10.3,211,396,18,P
258,MANP,795,403,392,0,25,163,205,192,121,89,50.7,49.3,0.0,3.1,20.5,25.8,24.2,15.2,11.2,211,396,18,P
259,MANP,935,453,480,0,46,186,266,195,136,106,48.4,51.3,0.0,4.9,19.9,28.4,20.9,14.5,11.3,211,396,18,P
260,MANP,1039,508,529,0,21,213,298,214,141,152,48.9,50.9,0.0,2.0,20.5,28.7,20.6,13.6,14.6,211,396,18,P
261,MANP,704,344,359,0,25,143,134,150,121,131,48.9,51.0,0.0,3.6,20.3,19.0,21.3,17.2,18.6,211,396,18,P
262,MANP,1060,545,514,0,44,241,246,232,152,145,51.4,48.5,0.0,4.2,22.7,23.2,21.9,14.3,13.7,211,396,18,P
263,MK,728,383,345,0,25,158,201,137,124,83,52.6,47.4,0.0,3.4,21.7,27.6,18.8,17.0,11.4,211,1,2,O
264,MK,802,412,390,0,27,179,225,190,101,80,51.4,48.6,0.0,3.4,22.3,28.1,23.7,12.6,10.0,211,1,2,O
265,MK,1153,608,545,0,45,262,284,257,169,136,52.7,47.3,0.0,3.9,22.7,24.6,22.3,14.7,11.8,211,1,2,O
266,MK,842,443,398,0,41,275,207,151,104,64,52.6,47.3,0.0,4.9,32.7,24.6,17.9,12.4,7.6,211,1,2,O
267,MK,772,402,370,0,55,247,127,168,92,83,52.1,47.9,0.0,7.1,32.0,16.5,21.8,11.9,10.8,211,1,2,O
268,MK,775,393,381,0,44,208,223,157,90,53,50.7,49.2,0.0,5.7,26.8,28.8,20.3,11.6,6.8,211,1,2,O
269,MK,613,312,301,0,26,110,154,169,98,56,50.9,49.1,0.0,4.2,17.9,25.1,27.6,16.0,9.1,211,1,2,O
270,MK,902,448,454,0,31,200,256,194,113,108,49.7,50.3,0.0,3.4,22.2,28.4,21.5,12.5,12.0,211,1,2,O
271,MK,816,410,406,0,43,197,220,175,93,88,50.2,49.8,0.0,5.3,24.1,27.0,21.4,11.4,10.8,211,1,2,O
272,MK,999,508,491,0,26,176,224,262,183,128,50.9,49.1,0.0,2.6,17.6,22.4,26.2,18.3,12.8,211,1,2,O
273,MK,958,498,460,0,71,286,212,177,126,86,52.0,48.0,0.0,7.4,29.9,22.1,18.5,13.2,9.0,211,1,2,O
274,MK,930,460,468,0,59,373,298,113,55,32,49.5,50.3,0.0,6.3,40.1,32.0,12.2,5.9,3.4,211,1,2,O
275,MK,882,405,477,0,24,157,224,210,134,133,45.9,54.1,0.0,2.7,17.8,25.4,23.8,15.2,15.1,211,1,2,O
276,MK,1043,519,523,0,48,254,303,214,124,100,49.8,50.1,0.0,4.6,24.4,29.1,20.5,11.9,9.6,211,1,2,O
277,MK,855,417,437,1,56,193,211,193,118,84,48.8,51.1,0.1,6.5,22.6,24.7,22.6,13.8,9.8,211,1,2,O
278,MK,1091,581,510,0,49,224,299,240,159,120,53.3,46.7,0.0,4.5,20.5,27.4,22.0,14.6,11.0,211,1,1,O
279,MK,1134,590,543,0,50,429,311,157,119,68,52.0,47.9,0.0,4.4,37.8,27.4,13.8,10.5,6.0,211,1,1,O
280,MK,534,286,248,0,17,45,133,179,83,77,53.6,46.4,0.0,3.2,8.4,24.9,33.5,15.5,14.4,211,1,1,O
281,MK,842,424,418,0,50,270,212,162,86,62,50.4,49.6,0.0,5.9,32.1,25.2,19.2,10.2,7.4,211,1,1,O
282,MK,561,281,280,0,33,114,114,153,74,73,50.1,49.9,0.0,5.9,20.3,20.3,27.3,13.2,13.0,211,1,1,O
283,MK,340,168,172,0,15,84,74,76,43,48,49.4,50.6,0.0,4.4,24.7,21.8,22.4,12.6,14.1,211,1,1,O
284,MK,757,360,395,0,27,169,164,171,105,121,47.6,52.2,0.0,3.6,22.3,21.7,22.6,13.9,16.0,211,1,1,O
285,MK,1132,577,554,0,27,251,303,192,184,175,51.0,48.9,0.0,2.4,22.2,26.8,17.0,16.3,15.5,211,1,1,O
286,MK,636,299,337,0,16,121,161,144,96,98,47.0,53.0,0.0,2.5,19.0,25.3,22.6,15.1,15.4,211,1,1,O
287,MK,790,382,407,0,19,213,245,125,98,90,48.4,51.5,0.0,2.4,27.0,31.0,15.8,12.4,11.4,211,1,1,O
288,MK,671,324,347,0,18,93,151,178,137,94,48.3,51.7,0.0,2.7,13.9,22.5,26.5,20.4,14.0,211,1,1,O
289,MK,787,397,389,0,26,197,218,157,117,72,50.4,49.4,0.0,3.3,25.0,27.7,19.9,14.9,9.1,211,1,1,O
290,MK,980,492,486,0,42,224,223,199,159,133,50.2,49.6,0.0,4.3,22.9,22.8,20.3,16.2,13.6,211,1,1,O
291,MK,593,305,288,0,16,234,151,85,57,50,51.4,48.6,0.0,2.7,39.5,25.5,14.3,9.6,8.4,211,1,1,O
292,MK,651,347,303,0,26,38,162,176,135,114,53.3,46.5,0.0,4.0,5.8,24.9,27.0,20.7,17.5,211,1,1,O
293,MK,594,315,279,0,25,166,166,123,68,46,53.0,47.0,0.0,4.2,27.9,27.9,20.7,11.4,7.7,211,1,1,O
294,MK,1037,541,495,0,27,246,258,215,157,134,52.2,47.7,0.0,2.6,23.7,24.9,20.7,15.1,12.9,211,1,1,O
295,MK,709,367,342,0,30,201,186,116,89,87,51.8,48.2,0.0,4.2,28.3,26.2,16.4,12.6,12.3,211,1,1,O
296,MK,1108,574,534,0,40,307,264,253,152,92,51.8,48.2,0.0,3.6,27.7,23.8,22.8,13.7,8.3,211,1,1,O
297,MK,957,509,448,0,37,256,242,198,139,85,53.2,46.8,0.0,3.9,26.8,25.3,20.7,14.5,8.9,211,1,1,O
298,RMM,912,493,419,0,15,206,220,157,165,149,54.1,45.9,0.0,1.6,22.6,24.1,17.2,18.1,16.3,211,9991,21,N
299,RMM,1025,496,529,0,20,203,272,210,191,129,48.4,51.6,0.0,2.0,19.8,26.5,20.5,18.6,12.6,211,9991,21,N
300,RMM,1094,568,526,0,39,237,287,238,163,130,51.9,48.1,0.0,3.6,21.7,26.2,21.8,14.9,11.9,211,9991,21,N
301,RMM,419,214,205,0,19,102,94,108,47,49,51.1,48.9,0.0,4.5,24.3,22.4,25.8,11.2,11.7,211,9991,21,N
302,RMM,853,424,429,0,33,198,209,177,130,106,49.7,50.3,0.0,3.9,23.2,24.5,20.8,15.2,12.4,211,9991,21,N
303,RMM,1446,748,698,0,30,280,350,302,266,218,51.7,48.3,0.0,2.1,19.4,24.2,20.9,18.4,15.1,211,9991,21,N
304,RMM,797,376,420,0,30,174,208,148,133,104,47.2,52.7,0.0,3.8,21.8,26.1,18.6,16.7,13.0,211,9991,21,N
305,RMM,714,364,349,0,27,181,166,129,129,82,51.0,48.9,0.0,3.8,25.4,23.2,18.1,18.1,11.5,211,9991,21,N
306,RMM,1010,499,511,0,42,212,221,253,180,102,49.4,50.6,0.0,4.2,21.0,21.9,25.0,17.8,10.1,211,9991,21,N
307,RMM,1339,677,661,0,32,286,346,288,234,153,50.6,49.4,0.0,2.4,21.4,25.8,21.5,17.5,11.4,211,9991,21,N
308,RMM,1062,555,503,0,58,252,243,229,171,109,52.3,47.4,0.0,5.5,23.7,22.9,21.6,16.1,10.3,211,9991,21,N
309,RMM,1038,518,520,0,47,261,293,203,132,102,49.9,50.1,0.0,4.5,25.1,28.2,19.6,12.7,9.8,211,9991,21,N
310,RMM,1322,664,658,0,96,331,308,335,141,111,50.2,49.8,0.0,7.3,25.0,23.3,25.3,10.7,8.4,211,9991,21,N
311,RMM,763,401,361,0,64,201,152,189,103,54,52.6,47.3,0.0,8.4,26.3,19.9,24.8,13.5,7.1,211,9991,21,N
312,RMM,893,442,451,0,78,337,204,152,77,45,49.5,50.5,0.0,8.7,37.7,22.8,17.0,8.6,5.0,211,9991,21,N
313,RMM,643,312,331,0,12,92,129,177,153,80,48.5,51.5,0.0,1.9,14.3,20.1,27.5,23.8,12.4,211,9991,21,N
314,RMM,848,405,443,0,36,247,238,143,96,88,47.8,52.2,0.0,4.2,29.1,28.1,16.9,11.3,10.4,211,9991,21,N
315,RMM,763,378,385,0,28,212,187,161,109,66,49.5,50.5,0.0,3.7,27.8,24.5,21.1,14.3,8.7,211,9991,21,N
316,RMM,612,329,283,0,22,257,213,72,30,18,53.8,46.2,0.0,3.6,42.0,34.8,11.8,4.9,2.9,211,9991,21,N
317,RMM,865,428,436,0,53,161,159,205,167,120,49.5,50.4,0.0,6.1,18.6,18.4,23.7,19.3,13.9,211,9991,21,N
318,RMM,1038,513,525,0,73,244,235,254,139,93,49.4,50.6,0.0,7.0,23.5,22.6,24.5,13.4,9.0,211,9991,21,N
319,RMM,829,404,423,0,51,196,224,168,120,70,48.7,51.0,0.0,6.2,23.6,27.0,20.3,14.5,8.4,211,9991,21,N
320,RMM,632,312,318,0,24,119,197,118,97,77,49.4,50.3,0.0,3.8,18.8,31.2,18.7,15.3,12.2,211,9991,21,N
321,RMM,765,387,378,0,30,159,175,166,141,94,50.6,49.4,0.0,3.9,20.8,22.9,21.7,18.4,12.3,211,9991,21,N
322,RMM,916,449,466,0,46,213,226,200,121,110,49.0,50.9,0.0,5.0,23.3,24.7,21.8,13.2,12.0,211,9991,21,N
323,RMM,1045,527,517,1,46,225,264,238,162,110,50.4,49.5,0.1,4.4,21.5,25.3,22.8,15.5,10.5,211,9991,21,N
324,RMM,1176,599,573,0,91,303,250,279,163,90,50.9,48.7,0.0,7.7,25.8,21.3,23.7,13.9,7.7,211,9991,21,N
325,RMM,1128,564,564,0,63,260,275,241,165,124,50.0,50.0,0.0,5.6,23.0,24.4,21.4,14.6,11.0,211,9991,21,N
326,RMM,1105,554,551,0,65,313,222,265,161,79,50.1,49.9,0.0,5.9,28.3,20.1,24.0,14.6,7.1,211,9991,21,N
327,RMM,766,385,381,0,35,206,169,175,105,76,50.3,49.7,0.0,4.6,26.9,22.1,22.8,13.7,9.9,211,9991,21,N
328,RMM,885,419,466,0,35,166,235,164,148,137,47.3,52.7,0.0,4.0,18.8,26.6,18.5,16.7,15.5,211,9991,21,N
329,RMM,1191,588,602,1,32,294,300,252,178,135,49.4,50.5,0.1,2.7,24.7,25.2,21.2,14.9,11.3,211,9991,21,N
330,RMM,765,382,382,0,45,203,204,144,95,74,49.9,49.9,0.0,5.9,26.5,26.7,18.8,12.4,9.7,211,9991,21,N
331,RMM,478,236,242,0,20,107,133,90,61,67,49.4,50.6,0.0,4.2,22.4,27.8,18.8,12.8,14.0,211,9991,21,N
332,RMM,783,394,386,0,27,177,183,189,113,94,50.3,49.3,0.0,3.4,22.6,23.4,24.1,14.4,12.0,211,9991,21,N
333,RMM,828,411,417,0,32,188,188,180,133,107,49.6,50.4,0.0,3.9,22.7,22.7,21.7,16.1,12.9,211,9991,21,N
334,RMM,628,323,305,0,19,130,152,133,97,97,51.4,48.6,0.0,3.0,20.7,24.2,21.2,15.4,15.4,211,9991,21,N
335,RMM,908,464,444,0,25,182,163,208,174,156,51.1,48.9,0.0,2.8,20.0,18.0,22.9,19.2,17.2,211,9991,21,N
336,RMM,700,346,354,0,16,150,216,145,97,76,49.4,50.6,0.0,2.3,21.4,30.9,20.7,13.9,10.9,211,9991,21,N
